id,bot_id,user_id,amount,currency,payment_provider,external_id,status,description,payload,paid_at,plan_id,created_at,updated_at
1,1,1,1990.00,RUB,yookassa,,succeeded,Подписка Lumen Premium,{},2025-11-10T18:35:39.745998+00:00,,2025-11-10T18:35:39+00:00,2025-11-10T18:35:39+00:00
2,1,1,1990.00,RUB,yookassa,,succeeded,Оформление подписки,{},2025-11-11T10:39:24.465092+00:00,,2025-11-11T10:39:08+00:00,2025-11-11T10:39:24+00:00
3,1,2,1990.00,RUB,yookassa,,pending,Оформление подписки,{},,,2025-11-11T10:43:43+00:00,2025-11-11T10:43:43+00:00
4,1,2,1990.00,RUB,yookassa,,pending,Оформление подписки,{},,,2025-11-11T12:54:04+00:00,2025-11-11T12:54:04+00:00
5,1,2,1990.00,RUB,yookassa,,pending,Оформление подписки,{},,,2025-11-11T13:00:59+00:00,2025-11-11T13:00:59+00:00
6,1,2,1990.00,RUB,yookassa,,pending,Оформление подписки,{},,,2025-11-11T13:01:17+00:00,2025-11-11T13:01:17+00:00
7,1,2,1990.00,RUB,yookassa,,pending,Оформление подписки,{},,,2025-11-11T14:16:46+00:00,2025-11-11T14:16:46+00:00
8,1,2,1990.00,RUB,yookassa,,pending,Оформление подписки,{},,,2025-11-11T15:30:17+00:00,2025-11-11T15:30:17+00:00
9,1,2,1990.00,RUB,yookassa,,pending,Оформление подписки,{},,,2025-11-11T15:49:20+00:00,2025-11-11T15:49:20+00:00
10,1,2,990.00,RUB,yookassa,,pending,Базовый,"{'plan_id': 1, 'plan_name': 'Базовый', 'duration_days': 30}",,1,2025-11-11T17:36:22+00:00,2025-11-11T17:36:22+00:00
11,1,2,9990.00,RUB,yookassa,,pending,Базовый,"{'plan_id': 1, 'plan_name': 'Базовый', 'duration_days': 30}",,1,2025-11-11T17:45:20+00:00,2025-11-11T17:45:20+00:00
12,1,2,2990.00,RUB,yookassa,,pending,Базовый,"{'plan_id': 1, 'plan_name': 'Базовый', 'duration_days': 30}",,1,2025-11-11T17:46:08+00:00,2025-11-11T17:46:08+00:00
13,1,2,2990.00,RUB,yookassa,,pending,Базовый,"{'plan_id': 1, 'plan_name': 'Базовый', 'duration_days': 30}",,1,2025-11-11T17:50:59+00:00,2025-11-11T17:50:59+00:00
14,1,2,2990.00,RUB,yookassa,,pending,Базовый,"{'plan_id': 1, 'plan_name': 'Базовый', 'duration_days': 30}",,1,2025-11-11T17:52:05+00:00,2025-11-11T17:52:05+00:00
15,1,2,2990.00,RUB,yookassa,30a5b642-000f-5001-9000-154842a8e7a0,canceled,Базовый,"{'plan_id': 1, 'plan_name': 'Базовый', 'duration_days': 30, 'yookassa_payment': {'amount': {'currency': 'RUB', 'value': '2990.00'}, 'cancellation_details': {'party': 'yoo_money', 'reason': 'expired_on_confirmation'}, 'created_at': '2025-11-11T20:54:26.473Z', 'description': 'Базовый', 'id': '30a5b642-000f-5001-9000-154842a8e7a0', 'metadata': {'duration_days': '30', 'user_id': '2', 'cms_name': 'yookassa_sdk_python', 'payment_id': '15', 'plan_id': '1'}, 'paid': False, 'recipient': {'account_id': '1187321', 'gateway_id': '2558286'}, 'refundable': False, 'status': 'canceled', 'test': True}}",,1,2025-11-11T17:54:26+00:00,2025-11-11T19:02:35+00:00
16,1,2,2990.00,RUB,yookassa,30a5b671-000f-5001-8000-19d255202947,succeeded,Базовый,"{'plan_id': 1, 'plan_name': 'Базовый', 'duration_days': 30, 'yookassa_payment': {'amount': {'currency': 'RUB', 'value': '2990.00'}, 'captured_at': '2025-11-11T20:55:26.248Z', 'created_at': '2025-11-11T20:55:13.629Z', 'description': 'Базовый', 'id': '30a5b671-000f-5001-8000-19d255202947', 'income_amount': {'currency': 'RUB', 'value': '2885.35'}, 'metadata': {'duration_days': '30', 'user_id': '2', 'cms_name': 'yookassa_sdk_python', 'payment_id': '16', 'plan_id': '1'}, 'paid': True, 'payment_method': {'id': '30a5b671-000f-5001-8000-19d255202947', 'saved': True, 'title': 'YooMoney wallet 410011758831136', 'type': 'yoo_money'}, 'recipient': {'account_id': '1187321', 'gateway_id': '2558286'}, 'refundable': True, 'refunded_amount': {'currency': 'RUB', 'value': '0.00'}, 'status': 'succeeded', 'test': True}}",2025-11-11T17:55:26.248000+00:00,1,2025-11-11T17:55:13+00:00,2025-11-11T17:57:06+00:00
